customer_id,segment,region,status,loyalty_score,tenure_years
1000,Growth,APAC,active,81.65,6
1001,Consumer,LATAM,at_risk,94.70,11
1002,Enterprise,EMEA,active,64.88,8
1003,Growth,APAC,at_risk,90.79,12
1004,SMB,LATAM,active,22.30,3
1005,Enterprise,LATAM,active,68.71,12
1006,SMB,AMER,active,44.23,12
1007,SMB,APAC,inactive,49.81,8
1008,Growth,AMER,active,94.13,8
1009,Consumer,APAC,inactive,71.37,8
1010,Consumer,EMEA,at_risk,93.84,12
1011,Enterprise,APAC,active,40.30,3
1012,SMB,LATAM,active,37.07,7
1013,Enterprise,LATAM,active,78.82,2
1014,Growth,EMEA,at_risk,55.66,3
1015,Enterprise,AMER,at_risk,60.04,9
1016,Enterprise,AMER,inactive,97.34,3
1017,Consumer,AMER,active,40.23,2
1018,Enterprise,APAC,at_risk,41.85,6
1019,SMB,APAC,inactive,45.30,7
1020,Enterprise,APAC,active,35.09,3
1021,Growth,AMER,at_risk,90.17,12
1022,Enterprise,APAC,at_risk,73.46,9
1023,Growth,APAC,active,28.08,5
1024,SMB,APAC,active,50.22,10
1025,Enterprise,EMEA,active,37.13,7
1026,Enterprise,APAC,active,76.38,8
1027,SMB,APAC,active,61.67,3
1028,Consumer,EMEA,active,43.11,5
1029,Enterprise,EMEA,at_risk,51.88,1
1030,SMB,EMEA,inactive,90.97,12
1031,Growth,AMER,inactive,88.51,7
1032,Enterprise,AMER,inactive,62.46,7
1033,Growth,APAC,at_risk,74.21,5
1034,Consumer,EMEA,active,51.72,9
1035,Enterprise,EMEA,active,97.97,11
1036,Enterprise,EMEA,at_risk,45.32,6
1037,Consumer,EMEA,active,62.47,7
1038,Enterprise,APAC,at_risk,71.39,2
1039,SMB,AMER,active,55.11,6
1040,SMB,LATAM,at_risk,58.68,4
1041,SMB,APAC,active,74.21,8
1042,SMB,LATAM,active,50.80,11
1043,Growth,LATAM,active,56.80,3
1044,Growth,EMEA,at_risk,79.79,7
1045,SMB,LATAM,active,34.14,7
1046,SMB,EMEA,active,43.41,11
1047,Enterprise,APAC,active,63.73,12
1048,Consumer,EMEA,inactive,62.10,8
1049,Enterprise,AMER,active,96.79,3
1050,Growth,AMER,active,78.36,7
1051,SMB,EMEA,active,30.63,8
1052,Growth,LATAM,active,80.64,10
1053,Enterprise,AMER,active,58.51,4
1054,SMB,EMEA,inactive,29.20,5
1055,Enterprise,AMER,at_risk,42.77,12
1056,Growth,LATAM,active,60.22,9
1057,SMB,LATAM,active,39.31,4
1058,Consumer,LATAM,active,40.97,2
1059,Consumer,AMER,active,33.24,7
1060,SMB,LATAM,at_risk,31.57,12
1061,Consumer,APAC,at_risk,33.13,12
1062,Enterprise,EMEA,active,54.50,3
1063,Consumer,AMER,active,22.21,5
1064,Enterprise,AMER,active,87.91,4
1065,Consumer,AMER,active,82.85,9
1066,Consumer,AMER,active,50.52,9
1067,Enterprise,APAC,active,37.86,3
1068,Growth,APAC,at_risk,97.51,8
1069,Enterprise,APAC,active,45.64,3
1070,Growth,EMEA,inactive,25.96,4
1071,Enterprise,AMER,active,28.70,9
1072,Consumer,LATAM,active,72.43,5
1073,SMB,AMER,active,95.74,12
1074,SMB,LATAM,active,67.26,6
1075,Growth,AMER,at_risk,31.52,1
1076,SMB,LATAM,at_risk,20.42,12
1077,Enterprise,AMER,active,50.93,7
1078,Consumer,APAC,active,55.89,10
1079,SMB,LATAM,active,80.77,7
1080,Enterprise,LATAM,active,41.49,5
1081,Consumer,AMER,inactive,77.34,1
1082,Consumer,EMEA,active,47.85,9
1083,SMB,AMER,active,90.87,12
1084,Enterprise,AMER,active,46.80,7
1085,Consumer,EMEA,inactive,23.93,2
1086,Consumer,AMER,active,83.39,3
1087,SMB,AMER,at_risk,90.85,8
1088,SMB,LATAM,active,58.32,10
1089,SMB,LATAM,active,95.55,8
1090,Enterprise,AMER,active,41.27,4
1091,Consumer,EMEA,at_risk,31.08,8
1092,Enterprise,AMER,active,56.25,1
1093,Enterprise,APAC,active,88.73,6
1094,Enterprise,LATAM,at_risk,51.96,2
1095,Growth,APAC,at_risk,68.05,10
1096,SMB,EMEA,active,47.51,9
1097,Growth,EMEA,active,74.12,5
1098,SMB,APAC,active,43.37,2
1099,SMB,LATAM,active,27.66,4
1100,Growth,AMER,active,53.56,5
1101,SMB,AMER,active,82.89,4
1102,Growth,APAC,active,76.90,4
1103,Enterprise,EMEA,active,93.74,2
1104,Enterprise,APAC,inactive,95.65,12
1105,Consumer,AMER,inactive,87.96,9
1106,Enterprise,AMER,active,59.83,10
1107,Consumer,APAC,inactive,49.72,12
1108,Enterprise,EMEA,active,82.49,1
1109,SMB,APAC,at_risk,87.99,8
1110,Growth,LATAM,at_risk,51.72,10
1111,Consumer,APAC,active,71.14,4
1112,Consumer,APAC,at_risk,77.32,12
1113,SMB,EMEA,active,66.44,6
1114,SMB,APAC,active,30.12,6
1115,SMB,AMER,at_risk,22.56,3
1116,SMB,LATAM,active,77.21,2
1117,SMB,LATAM,at_risk,88.56,5
1118,Consumer,AMER,active,51.56,4
1119,Enterprise,LATAM,active,59.96,6
1120,SMB,LATAM,inactive,45.79,10
1121,Consumer,EMEA,active,79.43,5
1122,SMB,AMER,at_risk,91.99,5
1123,SMB,LATAM,active,94.22,11
1124,Consumer,AMER,active,55.81,2
1125,Growth,LATAM,active,24.43,10
1126,Growth,LATAM,active,73.82,1
1127,Growth,EMEA,active,26.78,12
1128,Enterprise,LATAM,active,30.73,4
1129,SMB,LATAM,inactive,80.71,8
1130,Consumer,LATAM,at_risk,30.41,1
1131,Enterprise,APAC,inactive,45.24,1
1132,Enterprise,EMEA,inactive,58.45,7
1133,Enterprise,EMEA,at_risk,91.32,11
1134,Growth,APAC,inactive,27.03,4
1135,Consumer,APAC,active,72.15,4
1136,SMB,EMEA,at_risk,29.57,4
1137,SMB,APAC,inactive,32.96,5
1138,Enterprise,AMER,at_risk,94.63,6
1139,Enterprise,EMEA,inactive,96.64,4
1140,Consumer,LATAM,inactive,74.97,4
1141,Enterprise,AMER,at_risk,26.51,8
1142,Growth,EMEA,active,32.65,1
1143,SMB,LATAM,at_risk,94.98,12
1144,SMB,APAC,at_risk,91.29,8
1145,Consumer,AMER,active,35.52,2
1146,Enterprise,LATAM,active,21.53,10
1147,SMB,EMEA,active,70.06,5
1148,Enterprise,AMER,active,32.30,12
1149,SMB,LATAM,active,30.48,12
1150,Growth,LATAM,at_risk,83.62,12
1151,Enterprise,APAC,active,29.89,3
1152,SMB,LATAM,active,97.81,4
1153,Enterprise,AMER,inactive,21.41,12
1154,Growth,LATAM,inactive,58.28,7
1155,SMB,EMEA,inactive,68.71,11
1156,SMB,APAC,active,86.14,10
1157,Enterprise,LATAM,active,93.14,3
1158,SMB,LATAM,at_risk,31.95,9
1159,Enterprise,LATAM,inactive,44.73,1
1160,Consumer,LATAM,active,45.29,10
1161,Growth,AMER,active,77.35,11
1162,Consumer,AMER,at_risk,83.18,4
1163,Consumer,AMER,active,53.26,12
1164,Enterprise,EMEA,inactive,95.59,1
1165,SMB,AMER,active,82.49,12
1166,Growth,AMER,at_risk,72.17,10
1167,Consumer,EMEA,active,67.74,10
1168,SMB,APAC,active,89.07,10
1169,Consumer,LATAM,active,21.65,7
1170,Enterprise,AMER,active,85.29,7
1171,SMB,APAC,at_risk,74.77,12
1172,Consumer,APAC,inactive,62.18,12
1173,SMB,LATAM,active,27.70,2
1174,Enterprise,APAC,at_risk,68.12,5
1175,SMB,AMER,active,50.26,4
1176,Enterprise,EMEA,active,58.26,2
1177,Enterprise,LATAM,active,52.20,12
1178,Enterprise,EMEA,active,81.42,9
1179,Enterprise,APAC,at_risk,71.52,5
1180,Enterprise,AMER,at_risk,58.04,1
1181,SMB,LATAM,inactive,74.30,9
1182,Enterprise,EMEA,active,90.78,8
1183,Enterprise,AMER,active,54.26,9
1184,Enterprise,AMER,at_risk,51.85,6
1185,Growth,LATAM,inactive,62.87,9
1186,Consumer,APAC,at_risk,94.34,11
1187,Consumer,AMER,active,27.46,8
1188,Growth,LATAM,inactive,24.81,2
1189,Growth,AMER,at_risk,96.74,10
1190,Growth,EMEA,inactive,21.87,2
1191,Growth,EMEA,active,97.79,8
1192,Growth,EMEA,active,84.04,12
1193,Growth,APAC,inactive,65.28,12
1194,Growth,APAC,at_risk,68.01,12
1195,SMB,AMER,at_risk,70.43,3
1196,Growth,APAC,active,77.65,7
1197,Growth,LATAM,inactive,32.46,1
1198,SMB,AMER,active,47.26,4
1199,Growth,APAC,active,36.84,4
1200,Enterprise,EMEA,active,40.36,11
1201,SMB,LATAM,at_risk,24.28,1
1202,Growth,APAC,at_risk,24.47,12
1203,Enterprise,AMER,active,47.15,9
1204,SMB,AMER,active,57.92,12
1205,Enterprise,APAC,at_risk,53.45,6
1206,Enterprise,EMEA,active,88.95,1
1207,Enterprise,APAC,active,58.03,4
1208,Growth,AMER,active,53.83,7
1209,Consumer,AMER,active,96.88,1
1210,SMB,LATAM,active,32.93,6
1211,Growth,EMEA,active,28.44,10
1212,Enterprise,LATAM,active,60.14,2
1213,Enterprise,EMEA,active,48.24,8
1214,SMB,EMEA,at_risk,93.33,12
1215,Enterprise,LATAM,at_risk,60.79,6
1216,Consumer,APAC,at_risk,93.51,10
1217,Consumer,EMEA,inactive,72.18,2
1218,SMB,AMER,active,90.19,5
1219,Growth,LATAM,at_risk,53.94,8
1220,Growth,LATAM,active,57.67,6
1221,Enterprise,LATAM,inactive,24.30,6
1222,Consumer,AMER,inactive,29.40,9
1223,Consumer,LATAM,active,67.04,8
1224,Growth,APAC,inactive,88.90,6
1225,Enterprise,APAC,inactive,55.16,7
1226,SMB,AMER,inactive,38.68,11
1227,Enterprise,AMER,inactive,82.67,12
1228,Enterprise,APAC,at_risk,28.31,5
1229,Growth,LATAM,active,40.58,5
1230,Enterprise,EMEA,active,26.20,7
1231,Enterprise,AMER,active,44.72,6
1232,Enterprise,LATAM,active,88.20,5
1233,Growth,AMER,active,87.84,2
1234,SMB,AMER,active,62.59,1
1235,Consumer,EMEA,at_risk,96.78,10
1236,SMB,AMER,active,33.53,8
1237,Enterprise,LATAM,at_risk,91.93,11
1238,Enterprise,AMER,active,50.47,5
1239,Enterprise,APAC,active,77.20,4
1240,Growth,EMEA,inactive,67.49,5
1241,SMB,APAC,active,81.93,7
1242,Growth,LATAM,at_risk,82.67,9
1243,Enterprise,AMER,active,85.77,2
1244,Growth,LATAM,at_risk,87.45,2
1245,SMB,APAC,active,33.32,5
1246,Consumer,EMEA,active,81.47,8
1247,Consumer,AMER,at_risk,86.53,6
1248,Consumer,APAC,inactive,87.59,10
1249,SMB,EMEA,active,59.72,7
1250,SMB,APAC,active,67.43,12
1251,Enterprise,EMEA,active,50.55,5
1252,SMB,APAC,active,77.10,2
1253,SMB,AMER,active,64.65,11
1254,Growth,APAC,active,65.54,1
1255,Consumer,AMER,active,71.68,12
1256,Consumer,LATAM,active,63.46,5
1257,SMB,APAC,inactive,32.60,8
1258,Growth,EMEA,at_risk,79.83,6
1259,SMB,EMEA,active,67.07,3
1260,Consumer,LATAM,active,53.56,8
1261,Enterprise,APAC,active,91.98,12
1262,Consumer,APAC,at_risk,76.98,10
1263,Enterprise,AMER,active,94.12,7
1264,Consumer,APAC,active,36.69,11
1265,Enterprise,APAC,at_risk,60.67,9
1266,SMB,AMER,at_risk,34.80,5
1267,Consumer,EMEA,active,36.58,11
1268,SMB,EMEA,active,71.62,3
1269,Consumer,LATAM,at_risk,60.28,10
1270,Enterprise,LATAM,active,60.30,11
1271,Enterprise,EMEA,at_risk,89.87,9
1272,Consumer,AMER,inactive,42.80,6
1273,SMB,AMER,at_risk,69.40,9
1274,Consumer,LATAM,inactive,30.60,5
1275,Consumer,EMEA,active,78.10,9
1276,Growth,AMER,active,41.25,6
1277,Enterprise,AMER,active,61.38,2
1278,SMB,AMER,active,36.44,10
1279,Consumer,EMEA,inactive,87.23,8
1280,Enterprise,LATAM,active,91.07,7
1281,SMB,AMER,at_risk,64.85,5
1282,Consumer,LATAM,active,27.76,9
1283,Enterprise,APAC,inactive,74.85,2
1284,SMB,APAC,active,95.69,6
1285,Growth,EMEA,active,47.89,9
1286,Enterprise,EMEA,active,67.45,7
1287,SMB,AMER,active,78.04,5
1288,SMB,LATAM,active,41.26,2
1289,Enterprise,LATAM,active,50.86,12
1290,Enterprise,EMEA,at_risk,29.85,12
1291,SMB,EMEA,active,22.10,9
1292,Growth,LATAM,inactive,32.44,10
1293,Growth,AMER,active,94.27,8
1294,Enterprise,APAC,active,21.83,3
1295,Enterprise,EMEA,active,46.71,8
1296,Enterprise,LATAM,active,66.76,9
1297,Consumer,AMER,active,76.86,8
1298,Consumer,LATAM,active,76.34,10
1299,Enterprise,LATAM,active,83.12,6
1300,Consumer,EMEA,inactive,43.51,6
1301,Growth,AMER,active,66.27,11
1302,Consumer,LATAM,active,54.03,10
1303,Enterprise,LATAM,at_risk,44.13,11
1304,Consumer,LATAM,active,53.41,5
1305,Growth,EMEA,inactive,43.56,7
1306,SMB,LATAM,active,81.31,11
1307,Growth,AMER,at_risk,75.00,8
1308,SMB,EMEA,active,52.29,3
1309,Growth,EMEA,at_risk,96.15,4
1310,SMB,AMER,inactive,65.45,3
1311,Consumer,APAC,active,45.27,10
1312,Growth,EMEA,active,54.02,8
1313,Enterprise,EMEA,active,24.69,5
1314,SMB,AMER,at_risk,54.43,4
1315,Growth,AMER,at_risk,28.85,11
1316,Consumer,APAC,active,92.32,7
1317,Enterprise,EMEA,active,70.24,11
1318,Enterprise,LATAM,at_risk,77.72,3
1319,SMB,EMEA,active,56.14,9
1320,SMB,EMEA,active,51.38,12
1321,Consumer,EMEA,at_risk,75.55,4
1322,Growth,AMER,inactive,21.96,5
1323,Consumer,EMEA,active,70.93,4
1324,Growth,LATAM,active,65.51,1
1325,SMB,APAC,active,36.09,4
1326,Enterprise,AMER,active,30.26,6
1327,Growth,APAC,active,46.53,4
1328,Consumer,APAC,active,38.98,11
1329,Growth,APAC,active,39.24,1
1330,Consumer,EMEA,active,82.06,5
1331,Consumer,AMER,inactive,92.23,4
1332,Consumer,APAC,active,51.14,1
1333,SMB,EMEA,active,31.93,11
1334,Growth,APAC,at_risk,92.99,10
1335,SMB,APAC,active,25.40,11
1336,Enterprise,APAC,active,72.54,6
1337,SMB,APAC,active,61.51,8
1338,Growth,EMEA,active,46.62,3
1339,Growth,EMEA,active,53.12,5
1340,SMB,LATAM,active,63.02,9
1341,Growth,EMEA,active,26.65,5
1342,Enterprise,LATAM,active,21.60,12
1343,SMB,LATAM,active,25.60,2
1344,SMB,EMEA,active,70.53,6
1345,Consumer,AMER,at_risk,95.01,2
1346,Growth,AMER,inactive,50.47,12
1347,SMB,APAC,active,65.51,11
1348,SMB,AMER,active,49.86,7
1349,Enterprise,APAC,active,95.85,1
1350,Consumer,LATAM,active,24.87,5
1351,SMB,APAC,at_risk,94.16,4
1352,Enterprise,AMER,at_risk,32.69,5
1353,SMB,EMEA,active,67.60,4
1354,Growth,AMER,active,90.64,9
1355,Enterprise,EMEA,active,62.06,4
1356,Consumer,LATAM,active,82.76,2
1357,Enterprise,EMEA,active,29.68,2
1358,Growth,APAC,inactive,49.28,12
1359,Growth,LATAM,at_risk,64.29,4
1360,SMB,APAC,active,42.44,3
1361,Consumer,LATAM,at_risk,49.41,10
1362,Consumer,AMER,active,89.24,5
1363,Consumer,EMEA,active,51.88,6
1364,Consumer,EMEA,inactive,85.66,11
1365,SMB,LATAM,active,36.44,5
1366,Growth,APAC,active,21.53,4
1367,Enterprise,AMER,active,92.56,5
1368,Consumer,EMEA,active,62.82,9
1369,Consumer,AMER,at_risk,49.85,1
1370,Enterprise,APAC,active,36.82,7
1371,Consumer,AMER,active,36.47,9
1372,Consumer,APAC,active,76.91,5
1373,SMB,LATAM,active,97.71,8
1374,Consumer,APAC,active,68.36,10
1375,Enterprise,AMER,active,35.88,4
1376,Consumer,EMEA,active,84.60,8
1377,Enterprise,APAC,active,95.36,5
1378,Enterprise,APAC,active,53.56,5
1379,SMB,EMEA,active,67.45,10
1380,SMB,AMER,active,57.31,5
1381,Consumer,LATAM,inactive,88.13,3
1382,Consumer,LATAM,active,64.67,1
1383,Growth,AMER,active,61.46,3
1384,Enterprise,LATAM,active,82.03,9
1385,Growth,LATAM,at_risk,97.13,11
1386,SMB,AMER,active,75.36,4
1387,Growth,AMER,at_risk,93.13,6
1388,Growth,AMER,active,94.20,11
1389,Consumer,LATAM,inactive,28.20,5
1390,Enterprise,APAC,active,89.99,6
1391,SMB,LATAM,at_risk,43.01,6
1392,SMB,AMER,inactive,77.79,7
1393,Enterprise,LATAM,active,95.87,12
1394,Enterprise,LATAM,active,64.68,5
1395,Enterprise,APAC,inactive,77.48,10
1396,Growth,EMEA,inactive,91.59,1
1397,Consumer,LATAM,active,73.02,4
1398,Consumer,APAC,active,50.56,2
1399,Growth,AMER,active,41.32,6
1400,Enterprise,EMEA,active,78.46,6
1401,Consumer,LATAM,active,36.72,12
1402,SMB,EMEA,active,51.27,3
1403,Enterprise,APAC,inactive,66.50,3
1404,Consumer,EMEA,active,87.09,8
1405,Enterprise,LATAM,active,88.39,2
1406,SMB,LATAM,active,58.95,11
1407,Consumer,LATAM,active,97.33,3
1408,Growth,AMER,at_risk,82.99,11
1409,Consumer,APAC,active,64.79,2
1410,Enterprise,AMER,active,48.80,8
1411,Growth,LATAM,active,34.82,5
1412,Growth,AMER,at_risk,76.48,12
1413,Enterprise,LATAM,active,39.76,6
1414,Growth,APAC,active,43.45,12
1415,SMB,AMER,at_risk,27.99,10
1416,SMB,EMEA,active,55.27,10
1417,Consumer,APAC,active,48.44,8
1418,Consumer,LATAM,active,64.85,4
1419,SMB,APAC,active,63.85,3
1420,SMB,APAC,active,50.53,2
1421,Enterprise,APAC,at_risk,82.85,2
1422,Growth,LATAM,active,66.70,6
1423,SMB,EMEA,active,91.57,12
1424,Enterprise,APAC,at_risk,25.57,4
1425,Consumer,EMEA,active,29.28,10
1426,Enterprise,AMER,active,54.17,2
1427,Consumer,EMEA,active,41.01,6
1428,SMB,APAC,active,49.53,10
1429,Consumer,APAC,active,71.37,4
1430,Growth,EMEA,at_risk,78.95,3
1431,Consumer,APAC,active,90.96,9
1432,Growth,APAC,active,44.93,11
1433,Growth,EMEA,active,35.64,5
1434,SMB,EMEA,at_risk,70.90,5
1435,Consumer,AMER,at_risk,85.69,8
1436,Growth,APAC,active,51.62,2
1437,Growth,EMEA,inactive,95.44,7
1438,Growth,APAC,active,48.49,7
1439,Enterprise,LATAM,active,36.23,7
1440,Growth,AMER,active,97.05,12
1441,Enterprise,LATAM,at_risk,51.68,9
1442,SMB,EMEA,active,57.17,5
1443,Enterprise,EMEA,active,91.82,4
1444,SMB,EMEA,active,40.22,6
1445,Consumer,APAC,active,53.96,2
1446,Growth,AMER,active,80.25,1
1447,Consumer,LATAM,active,48.21,9
1448,Growth,EMEA,active,87.67,7
1449,SMB,EMEA,active,36.47,4
1450,Enterprise,EMEA,active,69.58,4
1451,SMB,EMEA,at_risk,79.83,2
1452,Consumer,LATAM,active,27.03,6
1453,SMB,APAC,active,87.82,12
1454,Enterprise,APAC,active,83.83,12
1455,Consumer,APAC,active,37.65,8
1456,SMB,APAC,at_risk,26.07,3
1457,Growth,EMEA,active,31.66,11
1458,SMB,APAC,active,49.22,9
1459,SMB,LATAM,inactive,83.69,4
1460,Growth,LATAM,at_risk,79.27,8
1461,Enterprise,LATAM,active,85.06,5
1462,Consumer,LATAM,at_risk,50.51,7
1463,SMB,EMEA,inactive,22.40,9
1464,Growth,APAC,active,69.48,9
1465,Enterprise,AMER,active,26.33,6
1466,Consumer,AMER,active,76.72,6
1467,Growth,LATAM,at_risk,48.95,7
1468,Enterprise,AMER,active,73.74,1
1469,Growth,EMEA,active,23.25,3
1470,SMB,LATAM,active,81.59,12
1471,Consumer,EMEA,active,59.32,10
1472,Consumer,AMER,at_risk,94.78,5
1473,Consumer,LATAM,active,76.49,6
1474,Growth,LATAM,active,60.94,11
1475,Enterprise,LATAM,active,62.74,7
1476,Growth,APAC,active,59.05,4
1477,Growth,APAC,active,57.21,11
1478,SMB,EMEA,inactive,76.89,1
1479,Enterprise,AMER,inactive,68.43,2
1480,Growth,APAC,at_risk,28.52,5
1481,Enterprise,LATAM,at_risk,40.78,12
1482,Growth,AMER,active,67.21,12
1483,Growth,EMEA,inactive,65.77,6
1484,Consumer,AMER,active,31.16,5
1485,Consumer,APAC,active,72.47,7
1486,Growth,LATAM,active,28.18,10
1487,Enterprise,AMER,at_risk,91.98,2
1488,Growth,AMER,inactive,81.81,3
1489,Enterprise,AMER,active,81.92,2
1490,Growth,AMER,inactive,92.46,5
1491,Growth,EMEA,at_risk,86.36,12
1492,Consumer,APAC,at_risk,59.68,1
1493,Consumer,APAC,active,49.37,3
1494,Enterprise,AMER,at_risk,79.82,2
1495,Enterprise,LATAM,at_risk,86.35,10
1496,Consumer,AMER,active,45.77,10
1497,Consumer,EMEA,active,53.42,12
1498,Enterprise,LATAM,inactive,84.39,6
1499,Enterprise,EMEA,active,77.25,8
1500,SMB,EMEA,active,68.42,7
1501,SMB,AMER,active,87.09,6
1502,Consumer,APAC,active,38.33,11
1503,SMB,APAC,active,31.44,12
1504,SMB,AMER,active,45.06,12
1505,SMB,EMEA,active,39.51,8
1506,Growth,EMEA,active,49.20,6
1507,SMB,EMEA,active,75.82,1
1508,SMB,LATAM,active,35.08,11
1509,Consumer,AMER,active,32.05,6
1510,Enterprise,EMEA,inactive,35.20,3
1511,Consumer,EMEA,active,62.44,9
1512,Consumer,APAC,at_risk,28.15,12
1513,Enterprise,APAC,active,97.92,5
1514,Enterprise,LATAM,active,27.82,5
1515,Enterprise,EMEA,at_risk,75.41,8
1516,Growth,EMEA,active,85.32,11
1517,Enterprise,AMER,inactive,57.82,3
1518,Growth,AMER,active,67.21,5
1519,Enterprise,APAC,at_risk,68.33,4
1520,SMB,APAC,active,33.64,4
1521,Consumer,LATAM,at_risk,37.57,1
1522,SMB,LATAM,inactive,53.73,4
1523,SMB,LATAM,active,56.97,9
1524,Consumer,LATAM,active,82.96,8
1525,SMB,APAC,active,57.29,10
1526,SMB,EMEA,active,67.10,10
1527,Consumer,AMER,active,29.35,3
1528,SMB,EMEA,inactive,89.09,5
1529,Consumer,LATAM,active,34.05,9
1530,Growth,APAC,active,32.75,6
1531,SMB,EMEA,at_risk,71.60,12
1532,SMB,APAC,active,79.15,8
1533,Consumer,APAC,active,68.73,4
1534,Enterprise,EMEA,active,29.41,3
1535,SMB,AMER,active,56.81,4
1536,SMB,LATAM,active,70.61,9
1537,SMB,LATAM,at_risk,43.46,9
1538,Consumer,AMER,at_risk,78.69,2
1539,Consumer,LATAM,at_risk,74.45,9
1540,Enterprise,LATAM,at_risk,86.77,10
1541,Consumer,APAC,inactive,21.15,11
1542,SMB,APAC,active,57.49,7
1543,Enterprise,AMER,active,23.68,4
1544,Enterprise,LATAM,active,24.49,1
1545,SMB,AMER,active,65.03,2
1546,SMB,EMEA,active,96.14,6
1547,Enterprise,AMER,active,92.68,7
1548,Enterprise,EMEA,active,95.40,1
1549,Consumer,APAC,active,89.00,10
1550,Consumer,APAC,at_risk,78.75,10
1551,SMB,APAC,at_risk,89.96,7
1552,Consumer,EMEA,active,95.15,9
1553,Enterprise,LATAM,at_risk,40.24,8
1554,Enterprise,AMER,active,42.02,6
1555,Consumer,AMER,at_risk,87.30,2
1556,SMB,AMER,at_risk,30.64,7
1557,Enterprise,LATAM,active,64.90,3
1558,Growth,EMEA,active,74.14,9
1559,Consumer,EMEA,active,50.11,12
1560,Consumer,AMER,at_risk,82.26,2
1561,SMB,EMEA,active,38.00,7
1562,Growth,AMER,active,26.03,10
1563,Growth,EMEA,active,60.49,8
1564,SMB,APAC,active,28.31,11
1565,Consumer,AMER,at_risk,76.25,10
1566,SMB,EMEA,active,54.24,2
1567,Enterprise,AMER,active,44.46,3
1568,Consumer,AMER,at_risk,44.49,12
1569,Consumer,APAC,active,57.52,1
1570,SMB,AMER,active,29.41,11
1571,SMB,EMEA,inactive,64.91,2
1572,Consumer,LATAM,active,57.66,3
1573,SMB,AMER,at_risk,31.79,3
1574,Consumer,AMER,inactive,91.79,11
1575,Growth,APAC,at_risk,89.06,10
1576,Enterprise,EMEA,at_risk,53.21,2
1577,Consumer,AMER,inactive,86.81,11
1578,Enterprise,LATAM,active,77.22,2
1579,SMB,AMER,active,33.08,11
1580,Growth,AMER,at_risk,42.88,7
1581,Consumer,APAC,active,64.91,1
1582,Growth,AMER,active,51.74,7
1583,SMB,AMER,inactive,47.36,11
1584,SMB,EMEA,inactive,95.58,4
1585,SMB,AMER,inactive,29.03,3
1586,Enterprise,LATAM,active,91.35,8
1587,Growth,LATAM,active,74.41,9
1588,SMB,LATAM,active,38.51,6
1589,Growth,AMER,active,95.62,4
1590,Consumer,APAC,active,71.36,5
1591,Consumer,APAC,active,89.39,1
1592,SMB,LATAM,at_risk,49.47,12
1593,Consumer,AMER,at_risk,63.52,11
1594,Growth,LATAM,active,21.58,2
1595,Enterprise,AMER,active,78.01,7
1596,SMB,EMEA,active,90.12,12
1597,Enterprise,APAC,active,58.57,8
1598,Consumer,EMEA,active,94.22,5
1599,Growth,APAC,active,74.85,12
1600,SMB,AMER,active,87.18,10
1601,SMB,APAC,inactive,41.97,3
1602,Growth,EMEA,inactive,42.01,9
1603,Enterprise,EMEA,active,58.90,5
1604,SMB,EMEA,active,43.34,4
1605,SMB,APAC,inactive,68.71,1
1606,Enterprise,AMER,active,47.35,8
1607,Consumer,LATAM,active,55.43,10
1608,Enterprise,AMER,active,88.81,11
1609,SMB,LATAM,active,49.34,11
1610,Growth,LATAM,inactive,59.75,11
1611,Growth,EMEA,inactive,37.00,12
1612,Consumer,LATAM,inactive,34.17,4
1613,Growth,EMEA,active,23.39,3
1614,Growth,EMEA,at_risk,86.22,8
1615,Growth,LATAM,active,64.10,12
1616,SMB,APAC,active,87.08,2
1617,Growth,AMER,active,60.99,4
1618,Consumer,EMEA,at_risk,82.61,9
1619,Enterprise,APAC,active,80.75,2
1620,SMB,LATAM,active,65.71,4
1621,SMB,APAC,active,65.97,6
1622,SMB,LATAM,active,20.21,8
1623,Growth,AMER,inactive,83.37,6
1624,SMB,AMER,at_risk,50.71,1
1625,Growth,EMEA,at_risk,62.14,9
1626,Consumer,EMEA,inactive,53.68,10
1627,Growth,LATAM,inactive,73.30,5
1628,Consumer,EMEA,active,22.60,3
1629,SMB,LATAM,inactive,85.17,11
1630,Growth,APAC,at_risk,71.40,10
1631,Consumer,APAC,active,47.02,8
1632,Consumer,LATAM,inactive,35.45,10
1633,SMB,EMEA,active,90.34,4
1634,Enterprise,AMER,active,59.82,8
1635,Growth,APAC,active,55.84,8
1636,SMB,APAC,at_risk,87.02,6
1637,Enterprise,APAC,active,63.48,3
1638,SMB,EMEA,at_risk,68.24,1
1639,SMB,APAC,active,36.93,6
1640,Consumer,APAC,at_risk,33.71,10
1641,SMB,EMEA,at_risk,32.59,9
1642,SMB,EMEA,active,46.12,12
1643,Enterprise,EMEA,active,33.17,12
1644,SMB,EMEA,active,28.95,2
1645,Consumer,EMEA,active,63.67,7
1646,Growth,APAC,at_risk,85.33,5
1647,Consumer,LATAM,active,21.36,11
1648,Consumer,APAC,inactive,73.62,8
1649,Growth,APAC,active,25.58,11
1650,Enterprise,LATAM,active,51.30,6
1651,Enterprise,LATAM,inactive,92.31,9
1652,SMB,APAC,at_risk,93.57,8
1653,Growth,APAC,active,81.85,12
1654,Enterprise,EMEA,active,45.85,2
1655,Growth,LATAM,active,90.30,9
1656,SMB,LATAM,active,87.81,12
1657,Consumer,LATAM,at_risk,42.68,9
1658,Growth,AMER,at_risk,86.03,2
1659,Enterprise,APAC,active,84.49,4
1660,Enterprise,AMER,active,96.43,4
1661,Consumer,LATAM,active,45.66,4
1662,Growth,LATAM,inactive,74.13,5
1663,SMB,LATAM,active,97.77,2
1664,SMB,LATAM,active,79.25,3
1665,SMB,AMER,at_risk,48.04,11
1666,Consumer,LATAM,active,46.40,7
1667,SMB,AMER,active,40.79,11
1668,SMB,AMER,active,68.56,5
1669,Growth,AMER,active,75.51,10
1670,Consumer,EMEA,active,64.46,12
1671,SMB,APAC,active,47.62,7
1672,SMB,APAC,active,33.81,2
1673,SMB,AMER,active,41.45,5
1674,Enterprise,LATAM,inactive,48.54,10
1675,SMB,LATAM,active,73.62,11
1676,Consumer,LATAM,active,53.77,7
1677,Enterprise,EMEA,active,23.11,1
1678,SMB,LATAM,active,81.29,11
1679,Growth,APAC,active,55.55,9
1680,Consumer,LATAM,inactive,97.52,6
1681,SMB,LATAM,inactive,23.55,4
1682,Enterprise,EMEA,active,88.84,11
1683,SMB,AMER,active,70.61,7
1684,SMB,EMEA,inactive,48.54,12
1685,Consumer,AMER,inactive,28.47,9
1686,Growth,LATAM,active,32.61,9
1687,Consumer,APAC,active,92.01,2
1688,Growth,LATAM,inactive,97.73,2
1689,Growth,LATAM,inactive,83.72,5
1690,Consumer,LATAM,inactive,57.03,3
1691,Enterprise,LATAM,active,41.60,2
1692,Growth,LATAM,active,76.13,2
1693,SMB,EMEA,active,74.59,4
1694,Enterprise,APAC,active,85.54,11
1695,Growth,LATAM,active,26.21,12
1696,SMB,LATAM,active,95.26,6
1697,Consumer,APAC,active,20.91,1
1698,SMB,EMEA,at_risk,38.69,9
1699,Growth,APAC,active,74.06,12
1700,SMB,EMEA,at_risk,76.55,1
1701,Growth,LATAM,inactive,25.87,9
1702,Consumer,AMER,active,77.13,5
1703,Consumer,AMER,at_risk,52.65,7
1704,Growth,AMER,active,97.78,1
1705,Enterprise,AMER,active,73.36,10
1706,Consumer,EMEA,active,38.80,12
1707,SMB,APAC,active,31.74,10
1708,Enterprise,LATAM,at_risk,78.07,9
1709,SMB,EMEA,inactive,69.91,12
1710,SMB,APAC,inactive,83.89,5
1711,Growth,APAC,active,21.11,1
1712,Enterprise,LATAM,active,25.02,10
1713,Consumer,EMEA,active,24.33,4
1714,Enterprise,APAC,active,37.03,9
1715,Enterprise,AMER,active,68.76,7
1716,SMB,LATAM,active,87.20,4
1717,Growth,AMER,inactive,55.24,7
1718,Consumer,EMEA,at_risk,45.32,4
1719,Enterprise,LATAM,at_risk,41.68,7
1720,Consumer,AMER,at_risk,23.36,7
1721,Enterprise,EMEA,active,73.08,2
1722,Growth,EMEA,active,51.38,4
1723,Growth,LATAM,active,60.27,6
1724,Consumer,LATAM,active,92.01,4
1725,Growth,APAC,active,78.71,9
1726,Enterprise,EMEA,active,49.83,11
1727,Growth,APAC,inactive,92.75,5
1728,SMB,AMER,at_risk,43.20,6
1729,Enterprise,AMER,active,34.51,5
1730,SMB,AMER,active,67.90,2
1731,Consumer,AMER,active,49.58,10
1732,Enterprise,LATAM,active,63.96,2
1733,Consumer,LATAM,inactive,20.83,1
1734,Enterprise,AMER,active,22.97,8
1735,Consumer,LATAM,active,71.97,6
1736,Enterprise,AMER,inactive,50.95,11
1737,SMB,AMER,active,87.06,6
1738,SMB,LATAM,active,28.98,10
1739,Enterprise,AMER,active,89.16,1
1740,SMB,EMEA,at_risk,86.25,2
1741,Growth,AMER,inactive,20.72,6
1742,Enterprise,AMER,inactive,44.40,7
1743,SMB,LATAM,active,54.28,7
1744,Growth,EMEA,active,54.81,8
1745,SMB,APAC,active,56.63,5
1746,Consumer,LATAM,at_risk,69.15,8
1747,Enterprise,EMEA,active,51.09,11
1748,SMB,APAC,active,52.15,8
1749,Consumer,LATAM,active,88.52,12
1750,Enterprise,LATAM,active,90.76,9
1751,Enterprise,AMER,active,39.98,5
1752,Consumer,APAC,at_risk,59.31,10
1753,Enterprise,APAC,inactive,35.77,4
1754,Growth,EMEA,active,87.30,6
1755,Consumer,APAC,active,39.65,6
1756,Enterprise,EMEA,active,72.93,9
1757,SMB,EMEA,active,64.61,11
1758,Growth,AMER,active,91.05,2
1759,Enterprise,EMEA,active,71.69,12
1760,Enterprise,LATAM,active,79.02,2
1761,Enterprise,EMEA,inactive,66.95,10
1762,Enterprise,LATAM,active,55.45,9
1763,Enterprise,LATAM,active,29.00,3
1764,Growth,LATAM,active,76.96,2
1765,SMB,EMEA,at_risk,81.57,2
1766,Consumer,AMER,at_risk,49.53,1
1767,Enterprise,AMER,at_risk,40.88,3
1768,Enterprise,AMER,active,49.24,5
1769,Growth,LATAM,active,82.73,9
1770,SMB,AMER,at_risk,51.98,12
1771,SMB,AMER,active,55.06,2
1772,Growth,EMEA,inactive,59.14,12
1773,Growth,LATAM,at_risk,23.72,2
1774,Growth,EMEA,at_risk,53.31,5
1775,Growth,EMEA,active,31.84,1
1776,Growth,APAC,active,82.19,3
1777,SMB,AMER,active,86.18,6
1778,Consumer,LATAM,active,25.94,9
1779,SMB,APAC,active,39.83,2
1780,SMB,APAC,active,90.38,5
1781,SMB,LATAM,active,26.10,8
1782,Consumer,LATAM,at_risk,60.27,1
1783,SMB,AMER,active,89.80,9
1784,Enterprise,EMEA,active,43.34,12
1785,Enterprise,EMEA,inactive,95.33,6
1786,Growth,APAC,active,70.40,10
1787,Enterprise,APAC,active,53.81,6
1788,Growth,AMER,active,71.92,9
1789,Enterprise,EMEA,inactive,87.16,8
1790,Consumer,AMER,active,71.85,12
1791,Consumer,LATAM,active,94.65,4
1792,Enterprise,AMER,at_risk,69.02,8
1793,Enterprise,LATAM,at_risk,64.60,7
1794,SMB,AMER,at_risk,65.91,8
1795,SMB,EMEA,active,41.55,1
1796,Enterprise,LATAM,inactive,41.49,4
1797,Consumer,LATAM,active,90.89,3
1798,Consumer,AMER,active,39.23,8
1799,Growth,EMEA,at_risk,29.89,7
1800,SMB,APAC,active,93.97,10
1801,Consumer,LATAM,active,84.01,11
1802,SMB,AMER,active,50.66,12
1803,Growth,LATAM,active,36.48,5
1804,Enterprise,AMER,inactive,50.27,4
1805,Enterprise,EMEA,active,29.58,7
1806,Consumer,APAC,at_risk,88.79,7
1807,Consumer,EMEA,active,40.95,7
1808,Consumer,APAC,active,93.33,12
1809,Consumer,APAC,inactive,88.95,2
1810,Growth,LATAM,active,96.78,10
1811,Enterprise,APAC,active,97.97,12
1812,Enterprise,EMEA,inactive,83.53,11
1813,Consumer,EMEA,active,45.81,9
1814,Enterprise,AMER,at_risk,77.04,1
1815,Consumer,APAC,inactive,50.84,8
1816,Consumer,EMEA,active,70.16,3
1817,Growth,APAC,active,91.81,7
1818,Growth,AMER,inactive,62.61,12
1819,Enterprise,AMER,active,57.75,12
1820,Growth,AMER,active,35.32,1
1821,Consumer,LATAM,active,91.93,10
1822,Consumer,EMEA,inactive,21.91,7
1823,Enterprise,EMEA,at_risk,55.63,10
1824,Growth,LATAM,active,67.51,7
1825,Enterprise,AMER,at_risk,83.49,7
1826,SMB,LATAM,active,28.45,7
1827,Growth,EMEA,active,81.39,12
1828,Enterprise,EMEA,at_risk,90.00,11
1829,Consumer,EMEA,active,86.35,10
1830,Consumer,EMEA,active,25.35,5
1831,Enterprise,APAC,active,95.85,1
1832,SMB,APAC,active,51.26,4
1833,Enterprise,EMEA,active,94.82,10
1834,Enterprise,AMER,inactive,47.10,8
1835,SMB,AMER,active,64.64,4
1836,Enterprise,LATAM,active,88.93,8
1837,Consumer,LATAM,active,31.27,10
1838,Growth,AMER,inactive,41.77,11
1839,Enterprise,APAC,active,54.16,3
1840,Enterprise,LATAM,active,67.83,3
1841,Enterprise,AMER,active,26.59,6
1842,Growth,LATAM,at_risk,95.67,9
1843,SMB,EMEA,active,92.85,4
1844,Enterprise,APAC,active,44.86,6
1845,SMB,AMER,active,97.32,10
1846,Enterprise,APAC,active,28.88,8
1847,Consumer,LATAM,inactive,32.33,5
1848,Consumer,EMEA,active,33.82,1
1849,Growth,EMEA,at_risk,68.31,1
1850,Growth,APAC,active,97.64,3
1851,Enterprise,EMEA,active,24.50,11
1852,Consumer,AMER,at_risk,58.31,12
1853,Growth,APAC,active,87.10,10
1854,Consumer,AMER,active,45.04,12
1855,SMB,APAC,inactive,55.44,11
1856,SMB,EMEA,active,75.36,6
1857,Consumer,LATAM,active,92.58,2
1858,SMB,LATAM,inactive,34.76,8
1859,Growth,AMER,at_risk,95.79,2
1860,Growth,EMEA,active,42.02,2
1861,SMB,AMER,active,54.39,6
1862,SMB,LATAM,active,38.25,1
1863,Enterprise,EMEA,at_risk,30.27,6
1864,SMB,EMEA,active,41.16,4
1865,Enterprise,LATAM,at_risk,41.57,4
1866,Enterprise,EMEA,active,90.66,7
1867,Consumer,AMER,active,33.41,8
1868,Enterprise,AMER,at_risk,52.60,6
1869,Consumer,AMER,active,39.44,7
1870,Consumer,EMEA,active,90.73,4
1871,SMB,APAC,inactive,69.66,11
1872,Growth,LATAM,active,91.42,9
1873,Growth,EMEA,at_risk,64.98,12
1874,Consumer,LATAM,active,20.82,4
1875,Enterprise,EMEA,active,93.60,2
1876,Enterprise,LATAM,active,89.27,9
1877,SMB,LATAM,active,83.84,3
1878,Consumer,EMEA,active,35.46,1
1879,Consumer,EMEA,at_risk,57.03,1
1880,Enterprise,LATAM,inactive,37.19,5
1881,SMB,LATAM,active,80.93,1
1882,SMB,AMER,active,87.97,10
1883,Enterprise,LATAM,inactive,67.26,5
1884,Consumer,APAC,active,36.66,7
1885,Consumer,EMEA,active,39.08,9
1886,Growth,LATAM,active,79.15,12
1887,SMB,LATAM,active,41.44,2
1888,Enterprise,LATAM,active,60.33,4
1889,Consumer,APAC,active,20.19,2
1890,SMB,LATAM,active,30.50,2
1891,Enterprise,APAC,active,20.77,11
1892,Consumer,LATAM,active,60.83,12
1893,Consumer,APAC,active,69.60,5
1894,Growth,APAC,active,60.94,11
1895,Consumer,AMER,active,37.76,3
1896,SMB,EMEA,active,39.94,8
1897,Enterprise,AMER,at_risk,31.52,12
1898,Enterprise,EMEA,active,64.77,10
1899,SMB,APAC,active,47.35,3
1900,Enterprise,APAC,active,69.23,8
1901,SMB,AMER,active,63.33,10
1902,SMB,AMER,active,38.92,10
1903,Consumer,LATAM,at_risk,51.27,1
1904,Consumer,APAC,at_risk,57.39,6
1905,Consumer,APAC,active,93.54,8
1906,SMB,APAC,active,62.29,1
1907,SMB,EMEA,active,31.12,3
1908,Enterprise,AMER,active,59.99,10
1909,Consumer,APAC,active,37.96,9
1910,Consumer,LATAM,active,39.04,7
1911,SMB,LATAM,at_risk,59.91,8
1912,Consumer,APAC,active,66.06,3
1913,SMB,LATAM,active,27.58,9
1914,Enterprise,EMEA,inactive,51.23,4
1915,Enterprise,LATAM,at_risk,45.20,12
1916,Growth,AMER,active,71.60,6
1917,Enterprise,LATAM,active,49.17,4
1918,Growth,EMEA,active,55.22,6
1919,Growth,EMEA,active,29.39,2
1920,Enterprise,LATAM,active,29.51,7
1921,SMB,LATAM,at_risk,61.17,8
1922,Growth,EMEA,at_risk,47.89,4
1923,Growth,LATAM,active,26.15,6
1924,Enterprise,AMER,active,76.83,6
1925,Enterprise,LATAM,at_risk,32.76,2
1926,Enterprise,AMER,active,94.09,12
1927,Enterprise,EMEA,active,50.43,11
1928,SMB,AMER,at_risk,21.83,7
1929,SMB,LATAM,active,82.23,7
1930,Growth,AMER,active,84.33,2
1931,SMB,APAC,at_risk,74.55,8
1932,Enterprise,EMEA,at_risk,54.91,3
1933,Enterprise,EMEA,active,36.99,1
1934,SMB,EMEA,active,89.09,3
1935,Consumer,EMEA,inactive,40.98,9
1936,SMB,EMEA,active,96.60,6
1937,Enterprise,APAC,active,61.34,3
1938,Enterprise,APAC,at_risk,80.83,11
1939,SMB,LATAM,inactive,33.42,4
1940,Growth,APAC,at_risk,29.29,12
1941,SMB,AMER,inactive,77.49,12
1942,SMB,APAC,at_risk,31.99,3
1943,Enterprise,AMER,active,22.07,7
1944,Consumer,AMER,active,43.78,11
1945,Enterprise,AMER,at_risk,69.68,4
1946,Consumer,AMER,at_risk,85.30,12
1947,Consumer,EMEA,active,64.96,2
1948,Enterprise,EMEA,active,56.63,10
1949,SMB,AMER,active,60.40,1
1950,Growth,LATAM,inactive,74.27,10
1951,Consumer,LATAM,inactive,37.51,12
1952,Enterprise,EMEA,active,70.17,5
1953,SMB,EMEA,active,62.77,2
1954,Growth,APAC,active,93.07,10
1955,SMB,AMER,active,82.44,9
1956,Enterprise,APAC,at_risk,47.87,11
1957,Growth,AMER,active,87.74,6
1958,Consumer,APAC,active,55.76,3
1959,Enterprise,EMEA,active,31.70,8
1960,Enterprise,EMEA,active,48.95,9
1961,Enterprise,EMEA,active,55.82,2
1962,SMB,APAC,active,67.77,6
1963,SMB,AMER,active,59.49,1
1964,SMB,EMEA,active,43.17,10
1965,SMB,LATAM,active,77.20,10
1966,SMB,APAC,active,22.03,4
1967,Enterprise,EMEA,active,69.19,8
1968,Enterprise,EMEA,at_risk,86.00,5
1969,Enterprise,LATAM,at_risk,92.70,4
1970,SMB,LATAM,active,72.72,12
1971,SMB,EMEA,inactive,28.99,11
1972,Enterprise,LATAM,active,81.53,6
1973,SMB,EMEA,inactive,40.77,3
1974,SMB,EMEA,active,88.93,12
1975,Consumer,EMEA,inactive,54.36,5
1976,Enterprise,AMER,at_risk,39.85,2
1977,Consumer,APAC,active,56.53,11
1978,Enterprise,AMER,inactive,51.04,6
1979,Growth,APAC,at_risk,69.51,10
1980,Consumer,LATAM,at_risk,47.63,6
1981,Growth,EMEA,active,28.47,11
1982,Growth,EMEA,active,48.70,11
1983,Growth,LATAM,inactive,54.52,4
1984,Consumer,LATAM,active,58.72,2
1985,Enterprise,AMER,at_risk,85.12,3
1986,SMB,LATAM,at_risk,61.97,8
1987,Enterprise,AMER,inactive,27.92,11
1988,SMB,AMER,active,97.20,4
1989,Growth,LATAM,active,66.52,3
1990,Growth,EMEA,at_risk,48.03,4
1991,SMB,APAC,inactive,39.53,3
1992,Consumer,LATAM,active,58.89,7
1993,SMB,APAC,active,69.08,12
1994,Growth,LATAM,inactive,45.80,6
1995,SMB,LATAM,active,55.52,8
1996,Growth,APAC,inactive,37.88,8
1997,SMB,APAC,active,61.06,5
1998,Consumer,APAC,active,96.61,9
1999,Enterprise,EMEA,active,58.95,6
2000,Enterprise,APAC,active,68.25,10
2001,Consumer,EMEA,active,97.21,2
2002,Enterprise,APAC,at_risk,67.86,12
2003,Growth,LATAM,active,29.66,9
2004,Growth,LATAM,active,95.30,1
2005,SMB,APAC,active,91.24,5
2006,SMB,APAC,active,64.63,8
2007,Consumer,LATAM,active,87.09,3
2008,SMB,APAC,active,49.31,4
2009,Consumer,LATAM,active,50.48,10
2010,Consumer,APAC,active,45.52,1
2011,Growth,AMER,active,66.37,4
2012,Enterprise,APAC,at_risk,89.54,8
2013,Consumer,APAC,active,39.53,7
2014,Enterprise,EMEA,active,53.05,8
2015,SMB,APAC,at_risk,63.74,9
2016,SMB,LATAM,active,44.32,12
2017,Consumer,EMEA,active,83.37,2
2018,Enterprise,AMER,active,81.27,2
2019,Growth,AMER,at_risk,41.67,5
2020,Enterprise,AMER,active,97.38,12
2021,SMB,EMEA,at_risk,76.29,2
2022,Enterprise,LATAM,active,92.03,8
2023,Enterprise,LATAM,active,54.99,7
2024,Growth,AMER,active,74.28,3
2025,Enterprise,EMEA,active,68.58,12
2026,SMB,LATAM,active,64.07,12
2027,Enterprise,EMEA,active,38.32,8
2028,Consumer,APAC,active,69.53,5
2029,Enterprise,APAC,active,24.19,6
2030,SMB,EMEA,inactive,71.11,7
2031,Enterprise,AMER,active,86.66,5
2032,Enterprise,AMER,active,90.56,4
2033,Growth,LATAM,active,58.23,3
2034,Enterprise,LATAM,active,87.85,2
2035,Enterprise,LATAM,active,36.67,4
2036,SMB,APAC,active,53.12,4
2037,Growth,LATAM,at_risk,23.76,1
2038,Enterprise,LATAM,inactive,26.45,5
2039,Enterprise,EMEA,active,44.80,1
2040,SMB,LATAM,at_risk,43.69,7
2041,Growth,LATAM,at_risk,59.77,2
2042,Consumer,LATAM,inactive,52.76,12
2043,SMB,EMEA,at_risk,97.85,9
2044,Growth,APAC,active,93.96,12
2045,Enterprise,LATAM,at_risk,56.09,5
2046,SMB,APAC,at_risk,48.48,10
2047,Growth,AMER,active,90.73,12
2048,Enterprise,LATAM,active,37.18,3
2049,SMB,LATAM,inactive,56.62,11
2050,Consumer,APAC,active,66.59,1
2051,Consumer,APAC,active,28.14,1
2052,Enterprise,LATAM,active,96.80,10
2053,SMB,AMER,inactive,27.32,8
2054,SMB,AMER,active,64.48,5
2055,Consumer,AMER,active,60.90,1
2056,SMB,LATAM,at_risk,55.70,9
2057,Enterprise,APAC,at_risk,24.43,1
2058,SMB,LATAM,at_risk,92.73,6
2059,SMB,AMER,at_risk,77.03,1
2060,Consumer,LATAM,active,67.77,12
2061,Growth,EMEA,inactive,95.38,5
2062,Consumer,EMEA,at_risk,83.92,11
2063,Enterprise,APAC,active,61.20,7
2064,Growth,LATAM,at_risk,73.50,8
2065,SMB,EMEA,active,59.73,3
2066,Growth,APAC,active,77.42,9
2067,Consumer,LATAM,active,38.25,6
2068,Consumer,LATAM,active,87.67,10
2069,Consumer,AMER,active,72.96,7
2070,SMB,APAC,active,20.17,6
2071,Enterprise,APAC,inactive,81.88,8
2072,Growth,AMER,at_risk,95.57,6
2073,Consumer,AMER,at_risk,25.33,8
2074,Enterprise,AMER,active,25.88,7
2075,SMB,LATAM,active,94.23,10
2076,Enterprise,AMER,active,89.73,4
2077,Enterprise,APAC,active,60.68,3
2078,SMB,APAC,active,84.53,6
2079,SMB,EMEA,at_risk,30.00,5
2080,Enterprise,LATAM,inactive,30.79,8
2081,SMB,APAC,at_risk,66.98,1
2082,Enterprise,APAC,active,50.96,6
2083,Growth,LATAM,active,67.27,3
2084,SMB,LATAM,active,64.04,4
2085,Consumer,AMER,active,37.94,11
2086,Consumer,APAC,active,37.75,4
2087,Enterprise,LATAM,active,97.98,4
2088,Growth,EMEA,at_risk,69.33,6
2089,Enterprise,EMEA,inactive,91.09,4
2090,Growth,AMER,active,21.74,2
2091,Consumer,LATAM,active,49.15,4
2092,Growth,AMER,active,84.21,6
2093,Enterprise,LATAM,active,79.88,7
2094,Growth,AMER,active,46.84,3
2095,SMB,EMEA,inactive,23.17,10
2096,Consumer,LATAM,active,47.56,5
2097,Enterprise,AMER,inactive,43.74,1
2098,SMB,AMER,at_risk,32.27,6
2099,Growth,AMER,at_risk,96.82,5
2100,Consumer,APAC,active,57.87,9
2101,SMB,APAC,at_risk,80.52,10
2102,Enterprise,APAC,active,53.67,6
2103,SMB,LATAM,inactive,52.80,3
2104,Consumer,EMEA,active,77.59,6
2105,SMB,APAC,active,85.46,6
2106,SMB,LATAM,at_risk,93.49,7
2107,Consumer,APAC,active,28.46,11
2108,Growth,AMER,at_risk,54.95,12
2109,Enterprise,EMEA,inactive,29.46,2
2110,SMB,LATAM,active,94.59,5
2111,Growth,EMEA,inactive,94.08,3
2112,Consumer,LATAM,at_risk,76.08,7
2113,SMB,LATAM,at_risk,41.61,12
2114,Consumer,AMER,inactive,32.26,9
2115,Enterprise,APAC,active,36.08,2
2116,Consumer,LATAM,active,57.09,9
2117,Consumer,EMEA,active,65.14,11
2118,Enterprise,AMER,inactive,34.76,5
2119,Enterprise,AMER,at_risk,64.95,9
2120,SMB,AMER,active,93.57,2
2121,SMB,APAC,inactive,87.14,8
2122,Consumer,AMER,inactive,24.86,9
2123,Consumer,AMER,active,45.68,9
2124,Enterprise,AMER,inactive,91.39,3
2125,SMB,LATAM,active,76.03,10
2126,Growth,APAC,active,93.04,4
2127,SMB,LATAM,active,89.96,3
2128,Consumer,EMEA,active,48.60,4
2129,Growth,APAC,active,75.81,3
2130,SMB,EMEA,at_risk,35.79,9
2131,SMB,APAC,active,76.44,4
2132,Enterprise,LATAM,inactive,90.43,10
2133,Consumer,AMER,inactive,70.58,6
2134,Enterprise,AMER,active,61.16,9
2135,Enterprise,EMEA,active,97.47,12
2136,Growth,AMER,inactive,30.70,8
2137,Consumer,LATAM,active,97.80,8
2138,SMB,APAC,inactive,84.69,6
2139,Growth,AMER,at_risk,64.08,6
2140,SMB,AMER,active,71.15,4
2141,Enterprise,AMER,active,49.17,7
2142,Growth,LATAM,inactive,40.91,2
2143,Consumer,AMER,active,44.25,8
2144,SMB,EMEA,at_risk,68.83,5
2145,SMB,AMER,at_risk,61.78,1
2146,Growth,APAC,active,26.87,12
2147,Growth,LATAM,active,31.26,11
2148,Enterprise,EMEA,active,46.32,11
2149,Consumer,EMEA,active,28.03,2
2150,Growth,APAC,at_risk,68.24,11
2151,Consumer,APAC,active,80.16,3
2152,Growth,EMEA,active,66.03,5
2153,SMB,APAC,at_risk,69.00,12
2154,Consumer,APAC,active,88.60,5
2155,Growth,APAC,active,31.23,8
2156,SMB,AMER,active,67.85,11
2157,Consumer,AMER,active,26.81,4
2158,Consumer,APAC,active,35.05,10
2159,Consumer,AMER,active,43.48,2
2160,SMB,LATAM,inactive,27.72,1
2161,Growth,LATAM,active,21.76,9
2162,SMB,EMEA,at_risk,39.55,7
2163,Consumer,EMEA,at_risk,29.90,3
2164,SMB,AMER,at_risk,87.82,8
2165,SMB,AMER,active,61.89,8
2166,SMB,AMER,active,66.20,6
2167,Enterprise,APAC,active,51.30,8
2168,SMB,EMEA,active,47.09,3
2169,SMB,EMEA,active,21.08,7
2170,SMB,EMEA,active,49.05,6
2171,SMB,EMEA,at_risk,57.50,5
2172,Growth,EMEA,active,59.76,2
2173,Consumer,LATAM,active,80.30,12
2174,Enterprise,LATAM,active,62.98,3
2175,Enterprise,AMER,active,68.45,11
2176,Enterprise,AMER,active,95.21,7
2177,Consumer,AMER,active,53.83,7
2178,Growth,AMER,at_risk,95.34,5
2179,SMB,LATAM,at_risk,44.70,9
2180,Growth,AMER,inactive,45.48,12
2181,Growth,AMER,active,62.86,8
2182,SMB,AMER,inactive,77.32,4
2183,Growth,EMEA,inactive,68.24,10
2184,Growth,APAC,active,84.62,7
2185,Growth,EMEA,active,77.38,4
2186,Consumer,LATAM,inactive,85.07,4
2187,Consumer,EMEA,active,50.05,9
2188,SMB,EMEA,inactive,68.55,4
2189,Enterprise,LATAM,active,89.91,12
2190,Growth,LATAM,inactive,52.23,9
2191,Growth,AMER,active,40.97,11
2192,Enterprise,APAC,active,40.25,10
2193,Enterprise,AMER,active,92.35,5
2194,Enterprise,APAC,at_risk,69.14,1
2195,SMB,APAC,active,27.18,6
2196,Consumer,AMER,active,63.55,12
2197,Enterprise,LATAM,at_risk,36.55,7
2198,SMB,EMEA,active,81.21,5
2199,SMB,LATAM,active,35.62,8
2200,Enterprise,LATAM,active,69.53,12
2201,Enterprise,AMER,active,36.20,8
2202,SMB,APAC,active,60.89,5
2203,Growth,APAC,inactive,87.07,11
2204,Enterprise,AMER,inactive,39.02,9
2205,SMB,AMER,active,83.74,7
2206,Growth,AMER,active,51.04,9
2207,SMB,APAC,active,93.54,9
2208,Enterprise,AMER,active,51.16,2
2209,SMB,AMER,inactive,67.96,2
2210,Growth,APAC,active,43.36,2
2211,Consumer,APAC,active,32.39,7
2212,SMB,EMEA,active,53.67,9
2213,Enterprise,APAC,at_risk,73.99,12
2214,Enterprise,AMER,inactive,51.92,11
2215,Enterprise,LATAM,active,54.08,5
2216,Growth,AMER,active,38.08,10
2217,Enterprise,LATAM,active,69.86,2
2218,SMB,EMEA,active,64.94,9
2219,Enterprise,LATAM,at_risk,84.88,9
2220,SMB,LATAM,inactive,32.73,6
2221,SMB,LATAM,at_risk,69.65,12
2222,Enterprise,LATAM,active,83.13,1
2223,Consumer,EMEA,at_risk,47.60,12
2224,Growth,EMEA,active,51.98,10
2225,SMB,EMEA,active,97.37,3
2226,Consumer,EMEA,active,45.88,8
2227,Enterprise,LATAM,at_risk,57.66,9
2228,Growth,EMEA,inactive,30.81,2
2229,SMB,APAC,active,96.49,9
2230,Consumer,LATAM,at_risk,41.63,12
2231,SMB,LATAM,at_risk,91.22,9
2232,SMB,EMEA,active,66.11,1
2233,SMB,EMEA,active,49.83,6
2234,Consumer,LATAM,active,44.45,6
2235,Growth,AMER,at_risk,31.00,11
2236,SMB,APAC,active,41.09,7
2237,Enterprise,EMEA,active,69.86,2
2238,Consumer,AMER,active,25.71,10
2239,Enterprise,EMEA,active,29.32,8
2240,Growth,LATAM,at_risk,71.84,11
2241,SMB,APAC,at_risk,25.23,7
2242,Consumer,AMER,active,30.47,12
2243,Enterprise,APAC,active,64.96,8
2244,Growth,LATAM,active,24.18,11
2245,Consumer,APAC,inactive,50.98,2
2246,Growth,AMER,inactive,62.45,9
2247,Growth,LATAM,inactive,95.72,9
2248,Consumer,LATAM,inactive,91.79,11
2249,SMB,LATAM,active,66.92,11
2250,Growth,AMER,active,23.30,3
2251,SMB,APAC,at_risk,77.04,8
2252,Enterprise,EMEA,inactive,34.06,7
2253,SMB,AMER,inactive,81.71,12
2254,Consumer,LATAM,active,44.83,5
2255,Growth,AMER,inactive,52.81,4
2256,Growth,AMER,inactive,79.67,8
2257,Enterprise,AMER,active,48.38,8
2258,Enterprise,AMER,active,63.00,1
2259,Growth,AMER,active,37.84,5
2260,Enterprise,EMEA,active,97.21,9
2261,SMB,EMEA,inactive,20.90,5
2262,Consumer,APAC,active,48.48,7
2263,SMB,AMER,active,74.07,12
2264,Growth,LATAM,active,83.94,4
2265,SMB,APAC,at_risk,50.97,10
2266,SMB,LATAM,active,26.59,12
2267,SMB,AMER,active,24.84,9
2268,SMB,EMEA,inactive,92.27,9
2269,SMB,EMEA,active,89.31,9
2270,Consumer,APAC,at_risk,44.07,11
2271,Growth,LATAM,at_risk,72.97,5
2272,SMB,EMEA,inactive,70.97,5
2273,Enterprise,APAC,active,79.74,2
2274,SMB,APAC,active,82.28,5
2275,Consumer,LATAM,inactive,42.50,8
2276,Growth,AMER,active,76.83,7
2277,Consumer,EMEA,at_risk,67.93,8
2278,Enterprise,APAC,active,46.65,8
2279,SMB,LATAM,at_risk,73.43,8
2280,Consumer,EMEA,active,96.09,6
2281,Enterprise,AMER,active,53.27,8
2282,Enterprise,EMEA,at_risk,20.72,11
2283,SMB,AMER,active,46.89,10
2284,Enterprise,EMEA,at_risk,78.17,2
2285,Enterprise,APAC,inactive,62.71,10
2286,Consumer,AMER,active,69.92,9
2287,Growth,EMEA,inactive,58.24,8
2288,SMB,AMER,at_risk,88.58,6
2289,Consumer,APAC,at_risk,52.14,8
2290,Enterprise,LATAM,active,60.18,9
2291,Consumer,EMEA,at_risk,89.34,2
2292,SMB,EMEA,active,68.02,12
2293,Growth,LATAM,active,56.16,12
2294,Enterprise,EMEA,active,56.42,6
2295,Consumer,EMEA,active,22.76,6
2296,SMB,AMER,active,66.24,5
2297,Consumer,EMEA,inactive,55.19,2
2298,SMB,APAC,active,78.32,9
2299,Enterprise,EMEA,active,94.21,11
2300,Consumer,EMEA,inactive,46.99,12
2301,Enterprise,EMEA,at_risk,67.32,7
2302,Enterprise,APAC,inactive,30.30,8
2303,SMB,EMEA,inactive,44.31,7
2304,Enterprise,LATAM,active,69.20,11
2305,Growth,AMER,at_risk,79.38,9
2306,Consumer,AMER,active,49.28,7
2307,Growth,LATAM,inactive,88.87,6
2308,SMB,AMER,active,57.19,3
2309,SMB,AMER,at_risk,23.33,9
2310,Growth,EMEA,inactive,90.56,6
2311,Growth,LATAM,active,48.24,6
2312,Enterprise,APAC,inactive,55.62,11
2313,Consumer,LATAM,active,34.51,9
2314,SMB,EMEA,active,45.25,3
2315,SMB,LATAM,active,89.85,12
2316,Enterprise,EMEA,active,59.90,4
2317,Enterprise,LATAM,active,60.81,12
2318,SMB,AMER,active,36.23,1
2319,Growth,AMER,active,82.74,9
2320,Growth,LATAM,active,22.21,10
2321,SMB,APAC,active,58.44,7
2322,Consumer,AMER,active,23.31,7
2323,Consumer,AMER,at_risk,46.31,1
2324,Enterprise,AMER,inactive,89.54,12
2325,SMB,LATAM,active,70.51,2
2326,SMB,LATAM,active,52.26,10
2327,Consumer,EMEA,active,75.26,12
2328,Growth,EMEA,active,25.12,3
2329,Enterprise,LATAM,active,93.81,6
2330,Enterprise,EMEA,active,36.47,10
2331,Enterprise,APAC,inactive,37.88,3
2332,Consumer,APAC,at_risk,60.09,11
2333,Consumer,APAC,active,65.11,4
2334,Consumer,LATAM,active,30.89,8
2335,Growth,EMEA,at_risk,83.53,4
2336,Enterprise,APAC,active,66.42,11
2337,SMB,AMER,active,65.98,10
2338,Enterprise,AMER,active,73.31,1
2339,SMB,AMER,active,24.24,12
2340,SMB,EMEA,active,23.18,3
2341,Consumer,EMEA,active,55.30,2
2342,SMB,AMER,active,86.89,11
2343,SMB,EMEA,active,91.93,3
2344,SMB,LATAM,active,64.23,10
2345,Growth,LATAM,at_risk,28.95,7
2346,Enterprise,LATAM,active,28.46,12
2347,Growth,AMER,at_risk,61.56,12
2348,SMB,EMEA,active,27.98,11
2349,SMB,APAC,active,24.61,2
2350,SMB,APAC,active,34.38,3
2351,Growth,EMEA,active,21.07,9
2352,Growth,APAC,active,45.63,9
2353,SMB,AMER,active,54.43,1
2354,SMB,LATAM,active,81.45,9
2355,Consumer,EMEA,active,31.34,3
2356,Growth,LATAM,inactive,57.96,4
2357,Consumer,EMEA,inactive,34.21,12
2358,Consumer,AMER,at_risk,94.03,1
2359,SMB,LATAM,at_risk,48.53,8
2360,Growth,EMEA,at_risk,72.22,2
2361,SMB,EMEA,inactive,68.32,10
2362,Growth,AMER,inactive,77.52,2
2363,Enterprise,AMER,active,52.99,5
2364,Enterprise,APAC,at_risk,49.61,12
2365,Growth,LATAM,active,23.89,8
2366,Growth,APAC,at_risk,48.58,10
2367,Consumer,AMER,at_risk,91.55,5
2368,Enterprise,AMER,active,72.01,2
2369,SMB,LATAM,at_risk,48.97,9
2370,Consumer,EMEA,at_risk,51.85,4
2371,Enterprise,LATAM,active,92.99,2
2372,Consumer,AMER,active,93.51,4
2373,Growth,LATAM,active,91.46,9
2374,Consumer,LATAM,at_risk,61.26,7
2375,Consumer,AMER,active,50.87,4
2376,Enterprise,LATAM,active,28.85,5
2377,Enterprise,AMER,active,63.30,8
2378,Enterprise,LATAM,active,74.56,8
2379,SMB,AMER,active,77.08,7
2380,Consumer,AMER,at_risk,36.70,2
2381,Enterprise,AMER,active,61.38,6
2382,Consumer,LATAM,active,96.30,9
2383,SMB,APAC,inactive,66.63,4
2384,Consumer,LATAM,active,96.04,9
2385,SMB,APAC,inactive,25.52,3
2386,Enterprise,EMEA,active,90.44,1
2387,Growth,EMEA,active,62.68,9
2388,Growth,LATAM,active,57.57,6
2389,Consumer,LATAM,at_risk,43.23,1
2390,Consumer,AMER,active,83.70,7
2391,Enterprise,EMEA,inactive,29.18,2
2392,Consumer,EMEA,active,33.46,8
2393,Consumer,LATAM,at_risk,73.00,9
2394,Growth,EMEA,active,25.18,3
2395,Growth,APAC,active,50.06,7
2396,Growth,AMER,at_risk,76.65,4
2397,Enterprise,LATAM,active,64.22,1
2398,SMB,EMEA,active,59.28,10
2399,Enterprise,LATAM,active,89.92,5
2400,Consumer,EMEA,active,33.39,11
2401,Consumer,LATAM,inactive,25.52,9
2402,SMB,AMER,inactive,76.42,2
2403,Enterprise,LATAM,active,32.39,6
2404,Enterprise,EMEA,active,54.33,11
2405,Consumer,AMER,active,56.19,3
2406,Consumer,EMEA,active,85.59,6
2407,SMB,EMEA,active,73.86,11
2408,SMB,EMEA,active,39.15,8
2409,SMB,APAC,inactive,54.41,1
2410,Consumer,EMEA,inactive,61.92,2
2411,Growth,EMEA,active,39.90,6
2412,Enterprise,LATAM,active,40.53,4
2413,Enterprise,AMER,at_risk,29.94,7
2414,SMB,EMEA,active,51.52,11
2415,SMB,AMER,active,90.08,1
2416,Growth,LATAM,active,23.28,5
2417,Growth,LATAM,active,82.26,1
2418,Enterprise,AMER,inactive,38.39,4
2419,Enterprise,LATAM,active,40.74,5
2420,SMB,EMEA,active,54.14,2
2421,Enterprise,AMER,inactive,46.43,3
2422,Consumer,APAC,active,47.50,2
2423,Consumer,LATAM,active,85.86,12
2424,SMB,LATAM,at_risk,42.88,5
2425,Consumer,APAC,active,66.63,5
2426,SMB,AMER,at_risk,47.36,8
2427,SMB,LATAM,active,36.32,4
2428,Consumer,LATAM,inactive,61.99,5
2429,Growth,EMEA,active,21.87,8
2430,Enterprise,APAC,active,33.84,5
2431,Growth,LATAM,active,35.63,5
2432,Consumer,AMER,active,88.68,12
2433,Enterprise,APAC,active,84.84,8
2434,Consumer,APAC,active,73.12,10
2435,SMB,AMER,active,52.44,1
2436,Growth,LATAM,at_risk,60.95,11
2437,Enterprise,LATAM,at_risk,47.92,8
2438,Consumer,AMER,active,94.39,11
2439,Enterprise,AMER,active,24.03,8
2440,SMB,APAC,active,54.95,5
2441,Enterprise,EMEA,active,68.43,3
2442,Growth,APAC,active,77.38,9
2443,SMB,LATAM,at_risk,58.44,8
2444,Growth,EMEA,active,28.58,8
2445,Consumer,APAC,inactive,83.85,2
2446,SMB,LATAM,active,89.80,4
2447,SMB,AMER,active,44.26,9
2448,SMB,APAC,at_risk,86.03,8
2449,Enterprise,LATAM,at_risk,24.95,3
2450,Enterprise,EMEA,active,54.94,2
2451,Consumer,APAC,active,77.05,11
2452,Consumer,LATAM,active,94.10,7
2453,Consumer,AMER,inactive,76.19,8
2454,Consumer,LATAM,active,93.78,12
2455,SMB,AMER,active,24.86,1
2456,Growth,APAC,at_risk,59.44,5
2457,Enterprise,EMEA,at_risk,39.95,2
2458,Consumer,EMEA,active,63.01,9
2459,Growth,AMER,active,76.30,3
2460,Growth,AMER,active,56.40,5
2461,Consumer,LATAM,inactive,80.80,12
2462,SMB,EMEA,inactive,94.22,10
2463,SMB,AMER,active,29.37,7
2464,Growth,LATAM,active,81.80,10
2465,SMB,EMEA,active,41.30,1
2466,Consumer,APAC,active,28.71,9
2467,Enterprise,AMER,active,45.69,11
2468,Enterprise,EMEA,active,68.22,2
2469,Enterprise,LATAM,active,83.45,8
2470,Growth,EMEA,inactive,83.75,5
2471,Enterprise,APAC,active,27.33,10
2472,Enterprise,AMER,inactive,65.05,10
2473,Growth,EMEA,inactive,63.61,11
2474,Growth,LATAM,active,28.31,1
2475,Growth,AMER,active,58.59,10
2476,Enterprise,APAC,inactive,28.79,2
2477,SMB,APAC,active,56.45,1
2478,Enterprise,AMER,active,83.01,10
2479,Consumer,EMEA,inactive,59.02,8
2480,SMB,APAC,inactive,60.22,7
2481,Growth,APAC,active,35.53,9
2482,Growth,EMEA,active,93.25,8
2483,SMB,LATAM,at_risk,93.24,1
2484,Growth,APAC,active,26.20,5
2485,SMB,AMER,active,55.94,11
2486,Consumer,APAC,at_risk,33.24,2
2487,Consumer,LATAM,at_risk,64.90,4
2488,SMB,EMEA,active,78.48,5
2489,Consumer,LATAM,at_risk,58.29,10
2490,SMB,AMER,inactive,40.78,9
2491,SMB,APAC,at_risk,96.03,7
2492,Consumer,LATAM,at_risk,24.95,4
2493,SMB,APAC,inactive,66.48,4
2494,Enterprise,AMER,active,36.77,3
2495,SMB,EMEA,active,75.66,7
2496,Growth,EMEA,at_risk,37.38,2
2497,Growth,AMER,active,87.67,11
2498,SMB,LATAM,active,30.78,8
2499,SMB,LATAM,at_risk,24.86,3
